{"md5_hashes": {}, "total_weights": {"CMS_Jet300_pT375-infGeV": 0.7815260720613859, "SIM170_Jet300_pT375-infGeV": 0.055293470327291434, "SIM300_Jet300_pT375-infGeV": 0.4662384179433162, "SIM470_Jet300_pT375-infGeV": 0.12777837198304626, "SIM600_Jet300_pT375-infGeV": 0.030371458817915926, "SIM800_Jet300_pT375-infGeV": 0.0036749056679947533, "SIM1000_Jet300_pT375-infGeV": 0.0006637469207493713, "SIM1400_Jet300_pT375-infGeV": 2.1741567139631052e-05, "SIM1800_Jet300_pT375-infGeV": 7.148912043040645e-07, "GEN170_pT375-infGeV": 0.05026273088423709, "GEN300_pT375-infGeV": 0.4642534501875813, "GEN470_pT375-infGeV": 0.1293168544225306, "GEN600_pT375-infGeV": 0.03047552733875015, "GEN800_pT375-infGeV": 0.0036783796964049834, "GEN1000_pT375-infGeV": 0.0006639504035840485, "GEN1400_pT375-infGeV": 2.174352127245215e-05, "GEN1800_pT375-infGeV": 7.149224128148522e-07}}